mutant_name,kcat,km,kcatkm
S14A,2.505149978319906,0.9164539485499251,4.589089091925735
T15A,2.788168371141168,0.724275869600789,5.0638922893443254
S16A,2.187520720836463,1.1464381352857747,4.04127422505423
S17A,2.9283958522567137,1.2659963704950792,4.66255007594033
S17E,2.8068580295188172,0.8645110810583919,4.942484274917049
Y18A,2.294466226161593,1.498999363580153,3.7944880466591697
V52G,2.8369567370595505,0.9164539485499251,4.921015010707509
F72A,2.787460474518415,0.7379873263334308,5.050085744201408
I91E,2.9273703630390235,0.8267225201689921,5.100615197687914
H101R,3.024895960107485,1.0261245167454502,4.998730005016473
H119N,0.3010299956639812,1.365862215402555,1.9138138523837167
H119A,2.155336037465062,1.1789769472931695,3.976945750559242
W120H,1.9242792860618816,1.9502674680135885,2.9745116927373285
W120F,2.673941998634088,1.2062860444124324,4.467371287647479
E154D,2.9434945159061026,0.5390760987927766,5.404840555849265
N163A,0.8450980400142568,1.0773679052841565,2.7466341989375787
N163D,1.0791812460476249,1.1815577738627863,2.89707700320942
N163C,1.414973347970818,0.7339992865383869,3.678154038010437
E164A,0.0,0.004321373782642578,1.2787536009528289
C167A,2.680335513414563,1.1631613749770184,4.516984639533111
C167Q,2.7024305364455254,0.6919651027673603,5.0103635693365405
L171A,2.90687353472207,1.04493154614916,4.861647898026507
L171R,2.6053050461411096,0.526339277389844,5.079709316489523
T175R,2.9036325160842376,0.5550944485783191,5.348369126086675
E177L,2.8260748027008264,0.8739015978644614,4.951716268242305
E177K,2.7442929831226763,0.791690649020118,4.952351630801023
E177A,2.993876914941211,0.7767011839884109,5.216967748361374
H178A,2.0530784434834195,0.884795363948981,4.167228694175993
A192S,2.975891136401793,0.7067177823367587,5.269157891804425
T218A,2.6665179805548807,0.8135809885681919,4.852967691028819
N220R,1.1760912590556813,1.0969100130080565,3.076276255404218
N220G,2.3201462861110542,1.5224442335063197,3.7976829349148993
N220H,2.089905111439398,0.7109631189952758,4.377925189530032
N220A,2.6074550232146687,1.011570443597278,4.59577170200094
N220Y,2.797959643737196,-0.3979400086720376,6.195899652409234
M221A,2.737987326333431,0.7958800173440752,4.942275992089877
E222Y,1.0791812460476249,1.2655253352190738,2.803457115648414
E222K,2.03342375548695,0.8585371975696391,4.174786417367337
E222R,1.6232492903979006,0.3944516808262163,4.232945312745227
E222H,2.2041199826559246,0.931457870689005,4.271725469490239
E222Q,2.824776462475546,1.0849335749367162,4.739754251213335
E222A,1.954242509439325,-0.2006594505464183,5.157166537077127
R240D,2.450249108319361,1.0342272607705507,4.416524014268653
R240K,2.9532763366673045,1.247236549506764,4.706111565560386
R240A,4.041826762637544,1.2891428359323331,5.7526345418815605
I244E,2.696356388733332,0.7759743311293691,4.919794348929485
I244N,2.432969290874406,0.33243845991560533,5.10097675539313
N293C,1.0413926851582251,1.2966651902615312,2.7450747915820575
N293A,1.1139433523068367,0.9854264740830017,3.118264726089479
Y294A,2.220108088040055,0.6972293427597176,4.5219222448835
Y294F,2.8662873390841948,0.7774268223893114,5.08902503882118
S298E,2.9079485216122722,0.7226339225338123,5.185440155915032
I300N,2.8407332346118066,0.651278013998144,5.1895801390792275
Q313R,2.8382192219076257,0.5538830266438743,5.284144117733732
M323A,2.6190933306267428,0.9703468762300933,4.648135486141788
W325C,1.0,0.6211762817750351,3.3984608496082234
W325H,1.5440680443502757,0.4885507165004443,4.055301864347441
W325A,1.462397997898956,0.20682587603184974,4.2610962581323335
W325L,2.037426497940624,0.7589118923979735,4.276668561845278
S331A,2.9122220565324155,0.6374897295125107,5.2748641581758635
K341A,3.0195316845312554,0.7371926427047373,5.282597191770247
T352A,1.7781512503836436,1.1541195255158467,3.620552444729435
N354A,0.47712125471966244,0.7307822756663892,2.737987326333431
M358T,2.639486489268586,0.6839471307515121,4.955403899273083
L362M,2.962369335670021,0.7160033436347992,5.246365613152194
H373R,2.8494194137968996,0.8000293592441343,5.049872848104088
W399R,-0.6989700043360187,1.105510184769974,1.1958996524092338
W399C,0.47712125471966244,1.8471406174134062,1.591064607026499
S400A,2.725094521081469,0.5078558716958309,5.216944030750956
N404A,0.6020599913279624,0.9740509027928773,2.5943925503754266
N404C,1.9294189257142926,1.1583624920952498,3.772101569277012
E406D,1.591064607026499,1.5331362882786388,3.059184617631371
W409Y,2.9079485216122722,0.414973347970818,5.492975388372913
F415A,0.0,1.220892249219519,1.9030899869919435
E423S,2.8102325179950842,0.8195439355418687,4.990236708081906
BglB,2.9444826721501687,0.6989700043360189,5.2405492482825995
A227W,2.5816083660320577,1.2304489213782739,4.351159444653784
C167S,1.990782691803138,2.513483956704257,2.4772987350988807
E164D,-0.3010299956639812,1.6434526764861874,1.0555173278498313
E388C,2.6842167951388807,1.021189299069938,4.663027496068943
G153A,2.8302678009336417,0.7160033436347992,5.114264457298843
I244M,2.550228353055094,0.6901960800285137,4.86003227302658
I244V,1.510545010206612,0.11394335230683679,4.396601657899775
L108N,2.9383695974518065,0.9444826721501687,4.993886925301638
L171D,0.9294189257142927,0.4623979978989561,3.4670209278153368
N163S,1.100370545117563,1.3747483460101038,2.725622199107459
N220D,1.57287160220048,0.5797835966168101,3.99308800558367
N220S,1.61066016308988,1.6551384348113822,2.9555217282784976
N293S,1.5998830720736879,0.9590413923210935,3.640841679752594
Q313E,1.4099331233312946,1.0,3.4099331233312946
X123Y,2.9254771126783816,0.6776069527204931,5.2478701599578885
E406Q,0.9637878273455552,2.1082266563749283,1.8555611709706266
K413A,1.1238516409670858,1.6273658565927327,2.4964857843743533
H178N,1.462397997898956,0.568201724066995,3.894196273831961
D322A,2.0034605321095063,0.6334684555795865,4.36999207652992
M261E,2.263399331334002,0.9242792860618817,4.339120045272121
H315Y,2.282848602834645,0.7923916894982539,4.4904569133363905
L219A,2.3951515915045425,0.5910646070264992,4.804086984478044
E177S,2.4260230156898763,0.6434526764861874,4.782570339203689
L219A,2.484157424365381,0.9030899869919435,4.581067437373437
H315Y,2.721563318357481,0.7075701760979364,5.013993142259545
H315A,2.7538893314598334,0.38021124171160603,5.3736780897482275
K413A,2.769081787118219,0.414973347970818,5.354108439147401
Q284R,2.7696726640554923,0.3979400086720376,5.371732655383455
E353E,2.794139355767774,0.5314789170422551,5.2626604387255185
E426S,2.8061121101690913,0.6127838567197355,5.193328253449356
E426S,2.8311015645013593,0.7634279935629372,5.067673570938422
E353E,2.8486816540239506,0.8388490907372553,5.009832563286695
E177S,2.870403905279027,0.6434526764861874,5.2269512287928395
L272N,2.8977370253454273,0.43136376415898736,5.46637326118644
V320Q,3.0586537415723702,0.8325089127062363,5.226144828866134
