,value,mutant_name_index,kinetic_constant,rel_or_abs,scaffold,mutant_name
0,0.0,0,kcat,rel,Q59976_4,WT
1,0.0,0,km,rel,Q59976_4,WT
2,0.0,0,kcatkm,rel,Q59976_4,WT
3,0.28644918129999997,1,kcat,rel,Q59976_4,I241R
4,-2.528273777,1,km,rel,Q59976_4,I241R
5,-2.241824596,1,kcatkm,rel,Q59976_4,I241R
6,-2.349034566,2,kcat,rel,Q59976_4,H223E
7,-2.6651117369999997,2,km,rel,Q59976_4,H223E
8,-5.014146303,2,kcatkm,rel,Q59976_4,H223E
9,-3.2521245530000003,3,kcat,rel,Q59976_4,Y295W
10,-1.7481880269999999,3,km,rel,Q59976_4,Y295W
11,-5.00031258,3,kcatkm,rel,Q59976_4,Y295W
12,-2.297882043,4,kcat,rel,Q59976_4,Q18A
13,-2.403977964,4,km,rel,Q59976_4,Q18A
14,-4.701860007,4,kcatkm,rel,Q59976_4,Q18A
15,-0.43061102409999996,5,kcat,rel,Q59976_4,W342A
16,-0.6989700043000001,5,km,rel,Q59976_4,W342A
17,-1.129581028,5,kcatkm,rel,Q59976_4,W342A
18,-0.3056722875,6,kcat,rel,Q59976_4,W120F
19,0.3010299957,6,km,rel,Q59976_4,W120F
20,-0.004642291829,6,kcatkm,rel,Q59976_4,W120F
21,-1.141534842,7,kcat,rel,Q59976_4,Y118F
22,1.301029996,7,km,rel,Q59976_4,Y118F
23,0.1594951535,7,kcatkm,rel,Q59976_4,Y118F
24,-0.8559252054,8,kcat,rel,Q59976_4,N293Q
25,-1.703291378,8,km,rel,Q59976_4,N293Q
26,-2.559216584,8,kcatkm,rel,Q59976_4,N293Q
27,-1.580026695,9,kcat,rel,Q59976_4,T368V
28,-1.190331698,9,km,rel,Q59976_4,T368V
29,-2.770358393,9,kcatkm,rel,Q59976_4,T368V
30,0.08692918320000001,10,kcat,rel,Q59976_4,N221Y
31,-0.39794000869999996,10,km,rel,Q59976_4,N221Y
32,-0.31101082550000003,10,kcatkm,rel,Q59976_4,N221Y
33,178.7,0,kcat,abs,Q59976_4,WT
34,0.2,0,km,abs,Q59976_4,WT
35,893.5,0,kcatkm,abs,Q59976_4,WT
36,1.933967543,1,kcat,abs,Q59976_4,I241R
37,337.5,1,km,abs,Q59976_4,I241R
38,0.005730274203,1,kcatkm,abs,Q59976_4,I241R
39,0.004476776721,2,kcat,abs,Q59976_4,H223E
40,462.5,2,km,abs,Q59976_4,H223E
41,9.679517233999998e-06,2,kcatkm,abs,Q59976_4,H223E
42,0.0005595970901000001,3,kcat,abs,Q59976_4,Y295W
43,56.0,3,km,abs,Q59976_4,Y295W
44,9.99280518e-06,3,kcatkm,abs,Q59976_4,Y295W
45,0.005036373811,4,kcat,abs,Q59976_4,Q18A
46,253.5,4,km,abs,Q59976_4,Q18A
47,1.986735231e-05,4,kcatkm,abs,Q59976_4,Q18A
48,0.3710128707,5,kcat,abs,Q59976_4,W342A
49,5.0,5,km,abs,Q59976_4,W342A
50,0.07420257415,5,kcatkm,abs,Q59976_4,W342A
51,0.49468382759999996,6,kcat,abs,Q59976_4,W120F
52,0.5,6,km,abs,Q59976_4,W120F
53,0.9893676553,6,kcatkm,abs,Q59976_4,W120F
54,0.07218802462,7,kcat,abs,Q59976_4,Y118F
55,0.05,7,km,abs,Q59976_4,Y118F
56,1.4437604919999998,7,kcatkm,abs,Q59976_4,Y118F
57,0.1393396754,8,kcat,abs,Q59976_4,N293Q
58,50.5,8,km,abs,Q59976_4,N293Q
59,0.002759201494,8,kcatkm,abs,Q59976_4,N293Q
60,0.026301063230000005,9,kcat,abs,Q59976_4,T368V
61,15.5,9,km,abs,Q59976_4,T368V
62,0.0016968427890000002,9,kcatkm,abs,Q59976_4,T368V
63,1.221600448,10,kcat,abs,Q59976_4,N221Y
64,2.5,10,km,abs,Q59976_4,N221Y
65,0.48864017909999996,10,kcatkm,abs,Q59976_4,N221Y
66,0.0,0,kcat,rel,Q97AX4_139,WT
67,0.0,0,km,rel,Q97AX4_139,WT
68,0.0,0,kcatkm,rel,Q97AX4_139,WT
69,0.1496170748,1,kcat,rel,Q97AX4_139,A281R
70,-0.2263963774,1,km,rel,Q97AX4_139,A281R
71,-0.07677930256,1,kcatkm,rel,Q97AX4_139,A281R
72,-1.6184216830000002,2,kcat,rel,Q97AX4_139,T264E
73,-1.7677415630000002,2,km,rel,Q97AX4_139,T264E
74,-3.386163247,2,kcatkm,rel,Q97AX4_139,T264E
75,-1.578913142,3,kcat,rel,Q97AX4_139,Y315W
76,-0.6802877914,3,km,rel,Q97AX4_139,Y315W
77,-2.2592009330000002,3,kcatkm,rel,Q97AX4_139,Y315W
78,-2.338580987,4,kcat,rel,Q97AX4_139,Q20A
79,-1.802233446,4,km,rel,Q97AX4_139,Q20A
80,-4.140814433,4,kcatkm,rel,Q97AX4_139,Q20A
81,-0.24581649390000002,5,kcat,rel,Q97AX4_139,W354A
82,-1.565101822,5,km,rel,Q97AX4_139,W354A
83,-1.810918316,5,kcatkm,rel,Q97AX4_139,W354A
84,0.12512540949999998,6,kcat,rel,Q97AX4_139,W150F
85,-0.4920984107,6,km,rel,Q97AX4_139,W150F
86,-0.3669730012,6,kcatkm,rel,Q97AX4_139,W150F
87,-0.04980095834,7,kcat,rel,Q97AX4_139,Y148F
88,0.4336555609,7,km,rel,Q97AX4_139,Y148F
89,0.3838546026,7,kcatkm,rel,Q97AX4_139,Y148F
90,-0.7172748517,8,kcat,rel,Q97AX4_139,N313Q
91,-0.06366907987,8,km,rel,Q97AX4_139,N313Q
92,-0.7809439315000001,8,kcatkm,rel,Q97AX4_139,N313Q
93,-0.1470251842,9,kcat,rel,Q97AX4_139,T379V
94,0.5797835966,9,km,rel,Q97AX4_139,T379V
95,0.4327584124,9,kcatkm,rel,Q97AX4_139,T379V
96,-0.2036472337,10,kcat,rel,Q97AX4_139,A262Y
97,0.5797835966,10,km,rel,Q97AX4_139,A262Y
98,0.37613636289999997,10,kcatkm,rel,Q97AX4_139,A262Y
99,348.9,0,kcat,abs,Q97AX4_139,WT
100,1.9,0,km,abs,Q97AX4_139,WT
101,183.63157890000002,0,kcatkm,abs,Q97AX4_139,WT
102,1.411292634,1,kcat,abs,Q97AX4_139,A281R
103,1.684210526,1,km,abs,Q97AX4_139,A281R
104,0.8379550014,1,kcatkm,abs,Q97AX4_139,A281R
105,0.024075666380000003,2,kcat,abs,Q97AX4_139,T264E
106,58.57894737,2,km,abs,Q97AX4_139,T264E
107,0.0004109952033,2,kcatkm,abs,Q97AX4_139,T264E
108,0.02636858699,3,kcat,abs,Q97AX4_139,Y315W
109,4.789473684,3,km,abs,Q97AX4_139,Y315W
110,0.005505529151,3,kcatkm,abs,Q97AX4_139,Y315W
111,0.004585841215,4,kcat,abs,Q97AX4_139,Q20A
112,63.42105263,4,km,abs,Q97AX4_139,Q20A
113,7.230786978e-05,4,kcatkm,abs,Q97AX4_139,Q20A
114,0.5677844655,5,kcat,abs,Q97AX4_139,W354A
115,36.73684211,5,km,abs,Q97AX4_139,W354A
116,0.015455451069999999,5,kcatkm,abs,Q97AX4_139,W354A
117,1.333906563,6,kcat,abs,Q97AX4_139,W150F
118,3.105263158,6,km,abs,Q97AX4_139,W150F
119,0.4295631306,6,kcatkm,abs,Q97AX4_139,W150F
120,0.8916595012999999,7,kcat,abs,Q97AX4_139,Y148F
121,0.36842105259999997,7,km,abs,Q97AX4_139,Y148F
122,2.420218646,7,kcatkm,abs,Q97AX4_139,Y148F
123,0.19174548579999998,8,kcat,abs,Q97AX4_139,N313Q
124,1.1578947370000001,8,km,abs,Q97AX4_139,N313Q
125,0.1655983741,8,kcatkm,abs,Q97AX4_139,N313Q
126,0.7128116939,9,kcat,abs,Q97AX4_139,T379V
127,0.2631578947,9,km,abs,Q97AX4_139,T379V
128,2.708684437,9,kcatkm,abs,Q97AX4_139,T379V
129,0.6256807108,10,kcat,abs,Q97AX4_139,A262Y
130,0.2631578947,10,km,abs,Q97AX4_139,A262Y
131,2.377586701,10,kcatkm,abs,Q97AX4_139,A262Y
132,0.0,0,kcat,rel,Q7MG41_142,WT
133,0.0,0,km,rel,Q7MG41_142,WT
134,0.0,0,kcatkm,rel,Q7MG41_142,WT
135,-0.2972439075,1,kcat,rel,Q7MG41_142,S246R
136,0.0,1,km,rel,Q7MG41_142,S246R
137,-0.2972439075,1,kcatkm,rel,Q7MG41_142,S246R
138,-0.1976216896,2,kcat,rel,Q7MG41_142,T230E
139,-0.3010299957,2,km,rel,Q7MG41_142,T230E
140,-0.49865168530000004,2,kcatkm,rel,Q7MG41_142,T230E
141,-3.340245762,3,kcat,rel,Q7MG41_142,Y298W
142,-0.4771212547,3,km,rel,Q7MG41_142,Y298W
143,-3.8173670160000004,3,kcatkm,rel,Q7MG41_142,Y298W
144,-2.74732915,4,kcat,rel,Q7MG41_142,Q27A
145,-1.327358934,4,km,rel,Q7MG41_142,Q27A
146,-4.074688084,4,kcatkm,rel,Q7MG41_142,Q27A
147,-0.598241125,5,kcat,rel,Q7MG41_142,W326A
148,-1.834102656,5,km,rel,Q7MG41_142,W326A
149,-2.432343781,5,kcatkm,rel,Q7MG41_142,W326A
150,-1.28334091,6,kcat,rel,Q7MG41_142,W128F
151,-1.088136089,6,km,rel,Q7MG41_142,W128F
152,-2.371476999,6,kcatkm,rel,Q7MG41_142,W128F
153,0.019716134540000003,7,kcat,rel,Q7MG41_142,Y126F
154,-0.09691001301,7,km,rel,Q7MG41_142,Y126F
155,-0.07719387847,7,kcatkm,rel,Q7MG41_142,Y126F
156,-0.2646379789,8,kcat,rel,Q7MG41_142,N296Q
157,-0.7781512504000001,8,km,rel,Q7MG41_142,N296Q
158,-1.042789229,8,kcatkm,rel,Q7MG41_142,N296Q
159,-0.8659080675,9,kcat,rel,Q7MG41_142,T353V
160,-0.4771212547,9,km,rel,Q7MG41_142,T353V
161,-1.3430293219999998,9,kcatkm,rel,Q7MG41_142,T353V
162,0.039709050069999995,10,kcat,rel,Q7MG41_142,N223Y
163,0.1249387366,10,km,rel,Q7MG41_142,N223Y
164,0.1646477867,10,kcatkm,rel,Q7MG41_142,N223Y
165,2626.8,0,kcat,abs,Q7MG41_142,WT
166,0.4,0,km,abs,Q7MG41_142,WT
167,6567.0,0,kcatkm,abs,Q7MG41_142,WT
168,0.5043779504,1,kcat,abs,Q7MG41_142,S246R
169,1.0,1,km,abs,Q7MG41_142,S246R
170,0.5043779504,1,kcatkm,abs,Q7MG41_142,S246R
171,0.6344221106,2,kcat,abs,Q7MG41_142,T230E
172,2.0,2,km,abs,Q7MG41_142,T230E
173,0.3172110553,2,kcatkm,abs,Q7MG41_142,T230E
174,0.0004568296026,3,kcat,abs,Q7MG41_142,Y298W
175,3.0,3,km,abs,Q7MG41_142,Y298W
176,0.00015227653419999998,3,kcatkm,abs,Q7MG41_142,Y298W
177,0.001789249277,4,kcat,abs,Q7MG41_142,Q27A
178,21.25,4,km,abs,Q7MG41_142,Q27A
179,8.419996595999999e-05,4,kcatkm,abs,Q7MG41_142,Q27A
180,0.2522080097,5,kcat,abs,Q7MG41_142,W326A
181,68.25,5,km,abs,Q7MG41_142,W326A
182,0.003695355454,5,kcatkm,abs,Q7MG41_142,W326A
183,0.05207857469,6,kcat,abs,Q7MG41_142,W128F
184,12.25,6,km,abs,Q7MG41_142,W128F
185,0.00425131222,6,kcatkm,abs,Q7MG41_142,W128F
186,1.0464443429999999,7,kcat,abs,Q7MG41_142,Y126F
187,1.25,7,km,abs,Q7MG41_142,Y126F
188,0.8371554743,7,kcatkm,abs,Q7MG41_142,Y126F
189,0.5437033653,8,kcat,abs,Q7MG41_142,N296Q
190,6.0,8,km,abs,Q7MG41_142,N296Q
191,0.09061722755000001,8,kcatkm,abs,Q7MG41_142,N296Q
192,0.1361732907,9,kcat,abs,Q7MG41_142,T353V
193,3.0,9,km,abs,Q7MG41_142,T353V
194,0.045391096900000004,9,kcatkm,abs,Q7MG41_142,T353V
195,1.095743871,10,kcat,abs,Q7MG41_142,N223Y
196,0.75,10,km,abs,Q7MG41_142,N223Y
197,1.460991828,10,kcatkm,abs,Q7MG41_142,N223Y
198,0.0,0,kcat,rel,P22505_16,WT
199,0.0,0,km,rel,P22505_16,WT
200,0.0,0,kcatkm,rel,P22505_16,WT
201,1.0121995240000001,1,kcat,rel,P22505_16,R240A
202,-0.4829628619,1,km,rel,P22505_16,R240A
203,0.5292366615999999,1,kcatkm,rel,P22505_16,R240A
204,-1.07538473,2,kcat,rel,P22505_16,E222A
205,1.006839425,2,km,rel,P22505_16,E222A
206,-0.06854530508,2,kcatkm,rel,P22505_16,E222A
207,-3.126537252,3,kcat,rel,P22505_16,Y295W
208,-0.5181024813,3,km,rel,P22505_16,Y295W
209,-3.644639733,3,kcatkm,rel,P22505_16,Y295W
210,-3.5525059839999997,4,kcat,rel,P22505_16,Q19A
211,-1.058331107,4,km,rel,P22505_16,Q19A
212,-4.6108370910000005,4,kcatkm,rel,P22505_16,Q19A
213,-1.407413216,5,kcat,rel,P22505_16,W325A
214,0.6300887149000001,5,km,rel,P22505_16,W325A
215,-0.7773245012000001,5,kcatkm,rel,P22505_16,W325A
216,-0.23920132170000002,6,kcat,rel,P22505_16,W120F
217,-0.3611373608,6,km,rel,P22505_16,W120F
218,-0.6003386824,6,kcatkm,rel,P22505_16,W120F
219,0.01030217506,7,kcat,rel,P22505_16,Y118F
220,0.020850138969999998,7,km,rel,P22505_16,Y118F
221,0.03115231403,7,kcatkm,rel,P22505_16,Y118F
222,-1.259511944,8,kcat,rel,P22505_16,N293Q
223,-0.7804073306999999,8,km,rel,P22505_16,N293Q
224,-2.039919275,8,kcatkm,rel,P22505_16,N293Q
225,-0.5321447017000001,9,kcat,rel,P22505_16,T352V
226,0.00683942453,9,km,rel,P22505_16,T352V
227,-0.5253052771,9,kcatkm,rel,P22505_16,T352V
228,-0.1741686587,10,kcat,rel,P22505_16,N220Y
229,1.5051499780000002,10,km,rel,P22505_16,N220Y
230,1.33098132,10,kcatkm,rel,P22505_16,N220Y
231,1070.6,0,kcat,abs,P22505_16,WT
232,6.4,0,km,abs,P22505_16,WT
233,167.28125,0,kcatkm,abs,P22505_16,WT
234,10.28488698,1,kcat,abs,P22505_16,R240A
235,3.040625,1,km,abs,P22505_16,R240A
236,3.382491093,1,kcatkm,abs,P22505_16,R240A
237,0.08406501027,2,kcat,abs,P22505_16,E222A
238,0.0984375,2,km,abs,P22505_16,E222A
239,0.8539937552,2,kcatkm,abs,P22505_16,E222A
240,0.0007472445358000001,3,kcat,abs,P22505_16,Y295W
241,3.296875,3,km,abs,P22505_16,Y295W
242,0.000226652371,3,kcatkm,abs,P22505_16,Y295W
243,0.00028021670089999995,4,kcat,abs,P22505_16,Q19A
244,11.4375,4,km,abs,P22505_16,Q19A
245,2.4499820850000002e-05,4,kcatkm,abs,P22505_16,Q19A
246,0.039136932560000004,5,kcat,abs,P22505_16,W325A
247,0.234375,5,km,abs,P22505_16,W325A
248,0.1669842456,5,kcatkm,abs,P22505_16,W325A
249,0.5764991593,6,kcat,abs,P22505_16,W120F
250,2.296875,6,km,abs,P22505_16,W120F
251,0.2509928313,6,kcatkm,abs,P22505_16,W120F
252,1.0240052309999998,7,kcat,abs,P22505_16,Y118F
253,0.953125,7,km,abs,P22505_16,Y118F
254,1.074366144,7,kcatkm,abs,P22505_16,Y118F
255,0.05501587894999999,8,kcat,abs,P22505_16,N293Q
256,6.03125,8,km,abs,P22505_16,N293Q
257,0.009121803763,8,kcatkm,abs,P22505_16,N293Q
258,0.2936671026,9,kcat,abs,P22505_16,T352V
259,0.984375,9,km,abs,P22505_16,T352V
260,0.29832848510000004,9,kcatkm,abs,P22505_16,T352V
261,0.6696245096,10,kcat,abs,P22505_16,N220Y
262,0.03125,10,km,abs,P22505_16,N220Y
263,21.42798431,10,kcatkm,abs,P22505_16,N220Y
