mutant,sequence_pos,expression,tm,k,err_tm,err_k,kcat,km,kcatkm,err_km,err_kcat,err_kcatkm,ki,ki_percent_err,ki_err,gel_number,target_expression,target_tm,target_kcat,target_km,target_kcatkm,conserved
G12N,12.0,0,,,,,,,,,,,,,,16.0,0,,,,,0.9621794871794872
S14A,14.0,1,40.16,-1.72,0.3,0.37,320.0,8.25,38823.0,1.02,11.0,4972.0,,,,9.0,1,0.22999999999999687,-0.43933269383026263,-0.21748394421390627,-0.6514601563568644,0.15738963531669867
T15A,15.0,1,39.17,-0.58,0.23,0.07,614.0,5.3,115849.0,0.48,14.7,1.7,,,,2.0,1,-0.759999999999998,-0.15631430100900093,-0.025305865264770234,-0.17665695893827385,0.6158338741077223
S16A,16.0,1,39.41,-0.83,0.27,0.16,154.0,14.01,10997.0,0.4,1.0,331.0,,,,5.0,1,-0.5200000000000031,-0.7569619513137056,-0.4474681309497558,-1.1992750232283695,0.4023361453601557
S16N,16.0,0,,,,,,,,,,,,,,8.0,0,,,,,0.4023361453601557
S17E,17.0,1,39.47,-0.82,0.14,0.08,641.0,7.32,87596.0,0.38,9.0,4719.0,,,,15.0,1,-0.46000000000000085,-0.1376246426313512,-0.16554107672237314,-0.29806497336555116,0.2046783625730994
S17A,17.0,1,41.66,-1.31,0.14,0.44,848.0,18.45,45978.0,3.72,76.0,10135.0,,,,9.0,1,1.7299999999999969,-0.016086819893454805,-0.5670263661590604,-0.5779991723422698,0.2046783625730994
Y18A,18.0,1,37.17,-0.35,0.3,0.03,197.0,31.55,6230.0,3.61,9.0,773.0,,,,2.0,1,-2.759999999999998,-0.6500164459885757,-0.8000293592441343,-1.4460612016234302,0.4588464031108231
Q19S,19.0,1,36.82,-0.58,0.18,0.05,,,13.0,,,3.0,,,,14.0,1,-3.1099999999999994,,,-4.1266058959757626,0.9902849740932642
Q19A,19.0,1,,,,,,,,,,,,,,13.0,1,,,,,0.9902849740932642
Q19C,19.0,1,,,,,,,,,,,,,,3.0,1,,,,,0.9902849740932642
Q19P,19.0,0,,,,,,,,,,,,,,17.0,0,,,,,0.9902849740932642
S32L,32.0,0,,,,,,,,,,,,,,1.0,0,,,,,0.7174744897959183
W34A,34.0,0,,,,,,,,,,,,,,6.0,0,,,,,0.6227735368956743
V52G,52.0,1,39.28,-1.13,0.12,0.13,687.0,8.25,83371.0,0.54,13.0,5707.0,,,,12.0,1,-0.6499999999999986,-0.10752593509061821,-0.21748394421390627,-0.31953423757509036,0.597457627118644
F72A,72.0,1,38.61,-0.42,0.43,0.07,613.0,5.47,112224.0,0.28,8.0,6000.0,,,,7.0,1,-1.3200000000000003,-0.15702219763175362,-0.039017321997412015,-0.1904635040811912,0.2629911280101394
R76A,76.0,0,,,,,,,,,,,,,,18.0,0,,,,,0.9847908745247148
I91E,91.0,1,39.66,-0.55,0.32,0.08,846.0,6.71,126071.0,0.79,35.0,15714.0,,,,10.0,1,-0.2700000000000031,-0.017112309111145117,-0.12775251583297334,-0.13993405059468503,0.13479623824451412
H101R,101.0,1,40.09,-0.95,0.1,0.07,1059.0,10.62,99708.0,0.53,16.0,5225.0,,,,12.0,1,0.1600000000000037,0.08041328795731637,-0.32715451240943144,-0.24181924326612686,0.012642225031605562
H119A,119.0,1,40.23,-1.08,0.19,0.14,143.0,15.1,9483.0,3.36,11.0,2222.0,,,,9.0,1,0.29999999999999716,-0.7891466346851068,-0.4800069429571506,-1.2636034977233577,0.9867424242424242
H119N,119.0,1,40.31,-0.26,0.61,0.04,2.0,23.22,82.0,2.2,1.0,8.0,,,,21.0,1,0.38000000000000256,-2.6434526764861874,-0.6668922110665362,-3.3267353958988832,0.9867424242424242
H119E,119.0,0,,,,,,,,,,,,,,18.0,0,,,,,0.9867424242424242
W120H,120.0,1,40.09,-0.65,0.14,0.05,84.0,89.18,943.0,4.31,2.0,53.0,,,,3.0,1,0.1600000000000037,-1.0202033860882869,-1.2512974636775698,-2.2660375555452714,0.45265151515151514
W120F,120.0,1,41.68,-0.51,0.36,0.08,472.0,16.08,29334.0,2.07,21.0,3980.0,,,,15.0,1,1.75,-0.27054067351608085,-0.5073160400764136,-0.7731779606351205,0.45265151515151514
W120A,120.0,0,,,,,,,,,,,,,,9.0,0,,,,,0.45265151515151514
D121F,121.0,0,,,,,,,,,,,,,,1.0,0,,,,,0.689829437776374
E154D,154.0,1,38.83,-0.77,0.32,0.18,878.0,3.46,254004.0,0.76,47.0,57175.0,,,,14.0,1,-1.1000000000000014,-0.000988156244066079,0.1598939055432422,0.16429130756666585,0.041348600508905854
N163C,163.0,1,38.05,-0.37,0.31,0.04,26.0,5.42,4766.0,0.32,1.0,291.0,,,,4.0,1,-1.8800000000000026,-1.5295093241793507,-0.03502928220236815,-1.5623952102721623,0.9829974811083123
N163D,163.0,1,38.52,-0.51,0.3,0.07,12.0,15.19,789.0,1.41,1.0,77.0,,,,3.0,1,-1.4099999999999966,-1.8653014261025438,-0.4825877695267675,-2.3434722450731793,0.9829974811083123
N163A,163.0,1,41.16,-0.5,0.29,0.06,7.0,11.95,558.0,0.91,1.0,44.0,,,,9.0,1,1.2299999999999969,-2.0993846321359118,-0.37839790094813763,-2.493915049345021,0.9829974811083123
N163E,163.0,0,,,,,,,,,,,,,,17.0,0,,,,,0.9829974811083123
N163K,163.0,0,,,,,,,,,,,,,,1.0,0,,,,,0.9829974811083123
E164A,164.0,1,45.99,-0.37,0.13,0.02,1.0,1.01,19.0,0.17,0.1,1.0,,,,10.0,1,6.060000000000002,-2.9444826721501687,0.6946486305533762,-3.9617956473297706,1.0
E164G,164.0,0,,,,,,,,,,,,,,2.0,0,,,,,1.0
E164R,164.0,0,,,,,,,,,,,,,,18.0,0,,,,,1.0
Y166P,166.0,0,,,,,,,,,,,,,,18.0,0,,,,,0.02939297124600639
C167Q,167.0,1,38.86,-0.65,0.12,0.05,504.0,4.92,102415.0,0.19,6.0,4149.0,590.71,86.56,511.32,15.0,1,-1.0700000000000003,-0.24205213570464332,0.007004901568658425,-0.23018567894605957,0.1613316261203585
C167A,167.0,1,39.84,-1.47,0.54,0.58,479.0,14.56,32884.0,1.27,14.0,3026.0,,,,11.0,1,-0.0899999999999963,-0.2641471587356054,-0.46419137064099963,-0.7235646087494888,0.1613316261203585
L171A,171.0,1,38.8,-0.66,0.53,0.21,807.0,11.09,72719.0,0.42,9.0,2851.0,,,,11.0,1,-1.1300000000000026,-0.03760913742809823,-0.34596154181314126,-0.37890135025609245,0.254638515674984
L171R,171.0,1,38.83,-0.77,0.32,0.18,403.0,3.36,120146.0,0.23,7.0,8506.0,,,,14.0,1,-1.1000000000000014,-0.3391776260090592,0.1726307269461747,-0.16083993179307676,0.254638515674984
T175R,175.0,1,38.06,-0.54,0.11,0.03,801.0,3.59,223033.0,0.15,8.0,9663.0,,,,7.0,1,-1.8699999999999974,-0.04085015606593095,0.14387555575769967,0.10781987780407586,0.0886214442013129
E177K,177.0,1,36.73,-0.7,0.25,0.1,555.0,6.19,89609.0,0.3,7.0,4493.0,362.94,36.97,134.18,10.0,1,-3.200000000000003,-0.20018968902749235,-0.0927206446840992,-0.28819761748157613,0.10699588477366255
E177A,177.0,1,37.54,-0.52,0.24,0.06,986.0,5.98,164804.0,0.22,10.0,6408.0,,,,14.0,1,-2.3900000000000006,0.04939424279104255,-0.07773117965239204,-0.023581499921225428,0.10699588477366255
E177L,177.0,1,39.6,-0.76,0.42,0.2,670.0,7.48,89478.0,0.36,10.0,4555.0,,,,7.0,1,-0.3299999999999983,-0.1184078694493422,-0.17493159352844262,-0.28883298004029445,0.10699588477366255
H178A,178.0,1,39.64,-0.41,0.4,0.06,113.0,7.67,14697.0,0.73,3.0,1463.0,173.34,42.79,74.17,16.0,1,-0.28999999999999915,-0.8914042286667488,-0.18582535961296215,-1.0733205541066067,0.4639321074964639
H178R,178.0,0,,,,,,,,,,,,,,8.0,0,,,,,0.4639321074964639
A192S,192.0,1,39.24,-1.29,0.29,0.46,946.0,5.09,185848.0,0.18,10.0,6994.0,,,,14.0,1,-0.6899999999999977,0.03140846425162412,-0.007747778000739945,0.028608643521824875,0.3308032890575585
T218A,218.0,1,40.08,-1.15,0.09,0.07,464.0,6.51,71280.0,0.94,18.0,10669.0,,,,2.0,1,0.14999999999999858,-0.2779646915952878,-0.11461098423217315,-0.38758155725378135,0.22278481012658227
N220A,220.0,1,38.85,-0.77,0.19,0.11,405.0,10.27,39425.0,0.68,8.0,2745.0,,,,5.0,1,-1.0799999999999983,-0.3370276489355001,-0.3126004392612594,-0.6447775462816592,0.36185044359949303
N220R,220.0,1,39.5,-0.72,0.32,0.14,15.0,12.5,1192.0,1.39,0.5,1.0,,,,8.0,1,-0.4299999999999997,-1.7683914130944873,-0.39794000867203766,-2.164272992878382,0.36185044359949303
N220H,220.0,1,39.6,-0.93,0.4,0.27,123.0,5.14,23874.0,0.21,1.0,1031.0,,,,10.0,1,-0.3299999999999983,-0.8545775607107707,-0.011993114659256935,-0.8626240587525678,0.36185044359949303
N220Y,220.0,1,41.74,-0.38,0.17,0.02,628.0,0.4,1570000.0,0.02,6.3,10.3,,,,8.0,1,1.8100000000000023,-0.14652302841297252,1.0969100130080565,0.955350404126634,0.36185044359949303
N220G,220.0,1,41.89,-1.6,0.22,0.71,209.0,33.3,6276.0,2.36,6.3,1.0,,,,13.0,1,1.9600000000000009,-0.6243363860391147,-0.8234742291703011,-1.4428663133677007,0.36185044359949303
M221A,221.0,1,40.42,-0.68,0.35,0.14,547.0,6.25,87554.0,0.6,15.0,8701.0,,,,20.0,1,0.490000000000002,-0.20649534581673787,-0.09691001300805645,-0.2982732561927227,0.02702702702702703
E222H,222.0,1,34.91,-0.7,0.15,0.07,160.0,8.54,18695.0,0.53,3.0,1212.0,,,,2.0,1,-5.020000000000003,-0.7403626894942439,-0.23248786635298627,-0.9688237787923613,0.0567741935483871
E222A,222.0,1,36.86,-0.69,0.12,0.05,90.0,0.63,143604.0,0.15,4.0,36130.0,95.24,13.7,13.05,5.0,1,-3.0700000000000003,-0.9902401627108437,0.8996294548824371,-0.08338271120547287,0.0567741935483871
E222Y,222.0,1,37.13,-0.93,0.51,0.32,12.0,18.43,636.0,3.14,1.0,116.0,,,,20.0,1,-2.799999999999997,-1.8653014261025438,-0.5665553308830551,-2.4370921326341857,0.0567741935483871
E222K,222.0,1,38.97,-0.59,0.44,0.14,108.0,7.22,14955.0,0.75,3.0,1618.0,,,,20.0,1,-0.9600000000000009,-0.9110589166632189,-0.15956719323362029,-1.0657628309152627,0.0567741935483871
E222R,222.0,1,39.1,-0.86,0.21,0.14,42.0,2.48,17098.0,0.44,2.0,3148.0,,,,20.0,1,-0.8299999999999983,-1.3212333817522681,0.3045183235098025,-1.0076039355373725,0.0567741935483871
E222Q,222.0,1,39.75,-1.09,0.28,0.23,668.0,12.16,54923.0,0.65,11.0,3084.0,,,,4.0,1,-0.17999999999999972,-0.11970620967462299,-0.3859635706006973,-0.5007949970692649,0.0567741935483871
A236E,236.0,0,,,,,,,,,,,,,,1.0,0,,,,,0.7318508829300197
R240D,240.0,1,37.18,-0.81,0.04,0.02,282.0,10.82,26093.0,0.47,4.0,1196.0,,,,10.0,1,-2.75,-0.4942335638308076,-0.3352572564345318,-0.8240252340139469,0.04740550928891736
R240K,240.0,1,39.33,-1.47,0.19,0.33,898.0,17.67,50829.0,3.32,59.0,10102.0,,,,3.0,1,-0.6000000000000014,0.008793664517135764,-0.5482665451707454,-0.5344376827222135,0.04740550928891736
R240A,240.0,1,39.9,-1.06,0.12,0.09,11011.0,19.46,565763.0,1.17,258.0,36384.0,,,,13.0,1,-0.030000000000001137,1.097344090487375,-0.5901728315963143,0.5120852935989607,0.04740550928891736
R240E,240.0,0,,,,,,,,,,,,,,3.0,0,,,,,0.04740550928891736
I244N,244.0,1,36.84,-0.48,0.57,0.12,271.0,2.15,126176.0,0.13,4.0,7795.0,,,,20.0,1,-3.0899999999999963,-0.5115133812757628,0.3665315444204134,-0.13957249288947052,0.032303370786516857
I244E,244.0,1,37.84,-0.9,0.09,0.06,497.0,5.97,83137.0,1.04,23.0,14963.0,,,,1.0,1,-2.0899999999999963,-0.24812628341683649,-0.07700432679335026,-0.32075489935311474,0.032303370786516857
A249E,249.0,0,,,,,,,,,,,,,,1.0,0,,,,,0.1390644753476612
M261D,261.0,0,,,,,,,,,,,,,,12.0,0,,,,,0.3058744091829845
N293C,293.0,1,38.88,-0.65,0.37,0.14,11.0,19.8,556.0,2.08,0.4,1.0,,,,8.0,1,-1.0499999999999972,-1.9030899869919435,-0.5976951859255124,-2.495474456700542,0.6599496221662469
N293A,293.0,1,40.77,-0.43,0.24,0.04,13.0,9.67,1313.0,0.44,1.0,63.0,,,,10.0,1,0.8400000000000034,-1.830539319843332,-0.28645646974698297,-2.1222845221931204,0.6599496221662469
N293D,293.0,0,,,,,,,,,,,,,,18.0,0,,,,,0.6599496221662469
N293K,293.0,0,,,,,,,,,,,,,,16.0,0,,,,,0.6599496221662469
N293Q,293.0,1,,,,,,,,,,,,,,8.0,1,,,,,0.6599496221662469
Y294A,294.0,1,40.37,-1.03,0.2,0.15,166.0,4.98,33260.0,0.17,2.0,1180.0,,,,15.0,1,0.4399999999999977,-0.7243745841101136,0.0017406615763011942,-0.7186270033990994,0.6899810964083176
Y294F,294.0,1,40.76,-1.15,0.12,0.14,735.0,5.99,122751.0,0.32,11.0,6883.0,,,,15.0,1,0.8299999999999983,-0.07819533306597373,-0.07845681805329258,-0.15152420946141937,0.6899810964083176
Y294L,294.0,0,,,,,,,,,,,,,,1.0,0,,,,,0.6899810964083176
Y295A,295.0,1,,,,,,,,,,,,,,7.0,1,,,,,1.0
Y295G,295.0,1,,,,,,,,,,,,,,3.0,1,,,,,1.0
T296A,296.0,0,,,,,,,,,,,,,,13.0,0,,,,,0.28085642317380355
T296E,296.0,0,,,,,,,,,,,,,,16.0,0,,,,,0.28085642317380355
S298E,298.0,1,39.61,-0.98,0.15,0.11,809.0,5.28,153264.0,0.05,2.0,1391.0,,,,3.0,1,-0.3200000000000003,-0.036534150537896326,-0.023663918197793482,-0.05510909236756759,0.11064425770308123
I300N,300.0,1,38.56,-0.42,0.54,0.08,693.0,4.48,154732.0,0.32,13.0,11520.0,,,,7.0,1,-1.3699999999999974,-0.1037494375383619,0.04769199033787473,-0.050969109203372005,0.128005657708628
Q313R,313.0,1,42.11,-1.21,0.32,0.43,689.0,3.58,192373.0,0.51,24.0,28109.0,,,,15.0,1,2.1799999999999997,-0.10626345024254281,0.14508697769214438,0.04359486945113209,0.02683982683982684
H315E,315.0,1,,,,,,,,,,,,,,13.0,1,,,,,0.012326656394453005
H315N,315.0,0,,,,,,,,,,,,,,15.0,0,,,,,0.012326656394453005
M323A,323.0,1,37.12,-0.83,0.08,0.04,416.0,9.34,44477.0,0.8,11.0,3991.0,126.29,25.47,32.17,11.0,1,-2.8100000000000023,-0.3253893415234259,-0.2713768718940746,-0.5924137621408121,0.22559366754617413
M323K,323.0,0,,,,,,,,,,,,,,13.0,0,,,,,0.22559366754617413
W325H,325.0,1,37.66,-0.39,0.29,0.04,35.0,3.08,11358.0,0.43,1.0,1645.0,143.45,25.04,35.92,7.0,1,-2.270000000000003,-1.400414627799893,0.21041928783557454,-1.1852473839351594,0.8564069542820347
W325C,325.0,1,39.3,-1.03,0.15,0.14,10.0,4.18,2503.0,0.53,1.0,327.0,159.19,34.38,54.73,12.0,1,-0.6300000000000026,-1.9444826721501687,0.07779372256098362,-1.8420883986743766,0.8564069542820347
W325R,325.0,1,40.01,-0.82,0.15,0.08,,,11.0,,,1.0,,,,3.0,1,0.0799999999999983,,,-4.199156563124375,0.8564069542820347
W325A,325.0,1,40.13,-0.61,0.45,0.15,29.0,1.61,18243.0,0.23,1.0,2607.0,171.02,19.85,33.95,6.0,1,0.20000000000000284,-1.4820846742512126,0.49214412830416904,-0.9794529901502662,0.8564069542820347
W325L,325.0,1,40.41,-0.69,0.53,0.22,109.0,5.74,18909.0,0.35,2.0,1198.0,,,,15.0,1,0.4799999999999969,-0.907056174209545,-0.059941888061954794,-0.9638806864373223,0.8564069542820347
W325G,325.0,0,,,,,,,,,,,,,,10.0,0,,,,,0.8564069542820347
P329N,329.0,0,,,,,,,,,,,,,,18.0,0,,,,,0.8992944194996793
S331A,331.0,1,39.29,-0.52,0.33,0.08,817.0,4.34,188306.0,0.11,5.0,5055.0,,,,14.0,1,-0.6400000000000006,-0.03226061561775311,0.06148027482350806,0.03431490989326404,0.045512010113780026
K341A,341.0,1,40.01,-1.73,0.06,0.07,1046.0,5.46,191689.0,0.33,17.0,12041.0,,,,12.0,1,0.0799999999999983,0.07504901238108684,-0.038222638368718496,0.04204794348764679,0.06876971608832808
F343S,343.0,0,,,,,,,,,,,,,,16.0,0,,,,,0.046954314720812185
T352A,352.0,1,38.11,-0.78,0.3,0.17,60.0,14.26,4174.0,1.76,2.0,541.0,,,,2.0,1,-1.8200000000000003,-1.166331421766525,-0.455149521179828,-1.6199968035531644,0.5799748110831234
E353A,353.0,1,,,,,,,,,,,,,,11.0,1,,,,,1.0
N354A,354.0,1,40.75,-0.61,0.36,0.12,3.0,5.38,547.0,0.67,1.0,70.0,,,,20.0,1,0.8200000000000003,-2.467361417430506,-0.03181227133037037,-2.502561921949169,0.931316950220542
G355A,355.0,0,,,,,,,,,,,,,,9.0,0,,,,,0.9835858585858586
M358T,358.0,1,39.54,-1.51,0.18,0.25,436.0,4.83,90241.0,0.48,11.0,9225.0,,,,12.0,1,-0.39000000000000057,-0.3049961828815826,0.015022873584506578,-0.2851453490095162,0.05361930294906166
L362M,362.0,1,40.02,-0.68,0.16,0.06,917.0,5.2,176346.0,0.19,9.2,1.0,,,,8.0,1,0.09000000000000341,0.017886663519852446,-0.017033339298780394,0.00581636486959375,0.25366876310272535
H373R,373.0,1,39.24,-1.29,0.29,0.46,707.0,6.31,112169.0,0.3,9.0,5512.0,,,,14.0,1,-0.6899999999999977,-0.09506325835326919,-0.1010593549081155,-0.19067640017851162,0.0012634238787113076
H379R,379.0,1,,,,,,,,,,,,,,14.0,1,,,,,0.7087011349306431
H379T,379.0,0,,,,,,,,,,,,,,12.0,0,,,,,0.7087011349306431
W399R,399.0,1,37.93,-0.28,0.79,0.06,0.2,12.75,15.7,0.87,0.01,,,,,8.0,1,-2.0,-3.6434526764861874,-0.4065401804339552,-4.044649595873366,0.9873257287705957
W399C,399.0,1,41.7,-1.0,0.08,0.09,3.0,70.33,39.0,5.89,1.0,4.0,,,,12.0,1,1.7700000000000031,-2.467361417430506,-1.1481706130773874,-3.6494846412561004,0.9873257287705957
W399A,399.0,1,,,,,,,,,,,,,,21.0,1,,,,,0.9873257287705957
W399G,399.0,1,,,,,,,,,,,,,,3.0,1,,,,,0.9873257287705957
W399S,399.0,1,,,,,,,,,,,,,,3.0,1,,,,,0.9873257287705957
S400A,400.0,1,39.91,-0.65,0.31,0.11,531.0,3.22,164795.0,0.22,9.0,11833.0,,,,18.0,1,-0.020000000000003126,-0.21938815106869958,0.19111413264018784,-0.02360521753164357,0.5937896070975919
D403A,403.0,0,,,,,,,,,,,,,,14.0,0,,,,,0.9917617237008872
N404A,404.0,1,41.9,-1.36,0.12,0.28,4.0,9.42,393.0,0.42,1.0,18.0,,,,9.0,1,1.9699999999999989,-2.342422680822206,-0.27508089845685857,-2.646156697907173,0.5313887127457197
N404C,404.0,1,42.65,-1.37,0.24,0.25,85.0,14.4,5917.0,1.9,3.7,1.0,,,,12.0,1,2.719999999999999,-1.0150637464358758,-0.45939248775923086,-1.4684476790055878,0.5313887127457197
E406A,406.0,1,40.08,-1.71,0.71,0.86,,,11.0,,,1.0,,,,16.0,1,0.14999999999999858,,,-4.199156563124375,0.5532319391634981
E406D,406.0,1,40.67,-1.12,0.26,0.27,39.0,34.13,1146.0,2.57,1.0,94.0,,,,15.0,1,0.740000000000002,-1.3534180651236694,-0.8341662839426202,-2.1813646306512284,0.5532319391634981
W407A,407.0,1,,,,,,,,,,,,,,2.0,1,,,,,0.6466117796073464
W407G,407.0,0,,,,,,,,,,,,,,18.0,0,,,,,0.6466117796073464
W407K,407.0,0,,,,,,,,,,,,,,17.0,0,,,,,0.6466117796073464
W407Q,407.0,0,,,,,,,,,,,,,,5.0,0,,,,,0.6466117796073464
W407R,407.0,0,,,,,,,,,,,,,,5.0,0,,,,,0.6466117796073464
W407Y,407.0,0,,,,,,,,,,,,,,1.0,0,,,,,0.6466117796073464
W409Y,409.0,1,36.75,-0.4,0.14,0.02,809.0,2.6,311154.0,0.18,12.9,2.7,,,,8.0,1,-3.1799999999999997,-0.036534150537896326,0.28399665636520083,0.252426140090313,0.017408123791102514
F415A,415.0,1,40.54,-0.46,0.27,0.05,1.0,16.63,80.0,4.0,0.1,20.0,,,,9.0,1,0.6099999999999994,-2.9444826721501687,-0.5219222448835005,-3.337459261290656,0.5161494616846105
F415N,415.0,1,,,,,,,,,,,,,,21.0,1,,,,,0.5161494616846105
E423S,423.0,1,39.5,-1.49,0.09,0.13,646.0,6.6,97777.0,0.42,42.0,6431.0,,,,12.0,1,-0.4299999999999997,-0.1342501541550845,-0.12057393120584987,-0.250312540200693,0.15985663082437276
BglB,,1,39.93,-1.19,0.09,0.08,880.0,5.0,174000.0,0.2,10.0,8000.0,,,,,1,0.0,0.0,0.0,0.0,
