,SR_1_ScoreType.angle_constraint,SR_1_ScoreType.atom_pair_constraint,SR_1_ScoreType.chainbreak,SR_1_ScoreType.coordinate_constraint,SR_1_ScoreType.dihedral_constraint,SR_1_ScoreType.dslf_fa13,SR_1_ScoreType.fa_atr,SR_1_ScoreType.fa_dun_dev,SR_1_ScoreType.fa_dun_rot,SR_1_ScoreType.fa_dun_semi,SR_1_ScoreType.fa_elec,SR_1_ScoreType.fa_intra_atr_xover4,SR_1_ScoreType.fa_intra_elec,SR_1_ScoreType.fa_intra_rep_xover4,SR_1_ScoreType.fa_intra_sol_xover4,SR_1_ScoreType.fa_rep,SR_1_ScoreType.fa_sol,SR_1_ScoreType.hbond_bb_sc,SR_1_ScoreType.hbond_lr_bb,SR_1_ScoreType.hbond_sc,SR_1_ScoreType.hbond_sr_bb,SR_1_ScoreType.hxl_tors,SR_1_ScoreType.lk_ball,SR_1_ScoreType.lk_ball_bridge,SR_1_ScoreType.lk_ball_bridge_uncpl,SR_1_ScoreType.lk_ball_iso,SR_1_ScoreType.omega,SR_1_ScoreType.p_aa_pp,SR_1_ScoreType.pro_close,SR_1_ScoreType.rama_prepro,SR_1_ScoreType.ref,SR_1_ScoreType.res_type_constraint,SR_2_ScoreType.angle_constraint,SR_2_ScoreType.atom_pair_constraint,SR_2_ScoreType.chainbreak,SR_2_ScoreType.coordinate_constraint,SR_2_ScoreType.dihedral_constraint,SR_2_ScoreType.dslf_fa13,SR_2_ScoreType.fa_atr,SR_2_ScoreType.fa_dun_dev,SR_2_ScoreType.fa_dun_rot,SR_2_ScoreType.fa_dun_semi,SR_2_ScoreType.fa_elec,SR_2_ScoreType.fa_intra_atr_xover4,SR_2_ScoreType.fa_intra_elec,SR_2_ScoreType.fa_intra_rep_xover4,SR_2_ScoreType.fa_intra_sol_xover4,SR_2_ScoreType.fa_rep,SR_2_ScoreType.fa_sol,SR_2_ScoreType.hbond_bb_sc,SR_2_ScoreType.hbond_lr_bb,SR_2_ScoreType.hbond_sc,SR_2_ScoreType.hbond_sr_bb,SR_2_ScoreType.hxl_tors,SR_2_ScoreType.lk_ball,SR_2_ScoreType.lk_ball_bridge,SR_2_ScoreType.lk_ball_bridge_uncpl,SR_2_ScoreType.lk_ball_iso,SR_2_ScoreType.omega,SR_2_ScoreType.p_aa_pp,SR_2_ScoreType.pro_close,SR_2_ScoreType.rama_prepro,SR_2_ScoreType.ref,SR_2_ScoreType.res_type_constraint,SR_3_ScoreType.angle_constraint,SR_3_ScoreType.atom_pair_constraint,SR_3_ScoreType.chainbreak,SR_3_ScoreType.coordinate_constraint,SR_3_ScoreType.dihedral_constraint,SR_3_ScoreType.dslf_fa13,SR_3_ScoreType.fa_atr,SR_3_ScoreType.fa_dun_dev,SR_3_ScoreType.fa_dun_rot,SR_3_ScoreType.fa_dun_semi,SR_3_ScoreType.fa_elec,SR_3_ScoreType.fa_intra_atr_xover4,SR_3_ScoreType.fa_intra_elec,SR_3_ScoreType.fa_intra_rep_xover4,SR_3_ScoreType.fa_intra_sol_xover4,SR_3_ScoreType.fa_rep,SR_3_ScoreType.fa_sol,SR_3_ScoreType.hbond_bb_sc,SR_3_ScoreType.hbond_lr_bb,SR_3_ScoreType.hbond_sc,SR_3_ScoreType.hbond_sr_bb,SR_3_ScoreType.hxl_tors,SR_3_ScoreType.lk_ball,SR_3_ScoreType.lk_ball_bridge,SR_3_ScoreType.lk_ball_bridge_uncpl,SR_3_ScoreType.lk_ball_iso,SR_3_ScoreType.omega,SR_3_ScoreType.p_aa_pp,SR_3_ScoreType.pro_close,SR_3_ScoreType.rama_prepro,SR_3_ScoreType.ref,SR_3_ScoreType.res_type_constraint,SR_4_ScoreType.angle_constraint,SR_4_ScoreType.atom_pair_constraint,SR_4_ScoreType.chainbreak,SR_4_ScoreType.coordinate_constraint,SR_4_ScoreType.dihedral_constraint,SR_4_ScoreType.dslf_fa13,SR_4_ScoreType.fa_atr,SR_4_ScoreType.fa_dun_dev,SR_4_ScoreType.fa_dun_rot,SR_4_ScoreType.fa_dun_semi,SR_4_ScoreType.fa_elec,SR_4_ScoreType.fa_intra_atr_xover4,SR_4_ScoreType.fa_intra_elec,SR_4_ScoreType.fa_intra_rep_xover4,SR_4_ScoreType.fa_intra_sol_xover4,SR_4_ScoreType.fa_rep,SR_4_ScoreType.fa_sol,SR_4_ScoreType.hbond_bb_sc,SR_4_ScoreType.hbond_lr_bb,SR_4_ScoreType.hbond_sc,SR_4_ScoreType.hbond_sr_bb,SR_4_ScoreType.hxl_tors,SR_4_ScoreType.lk_ball,SR_4_ScoreType.lk_ball_bridge,SR_4_ScoreType.lk_ball_bridge_uncpl,SR_4_ScoreType.lk_ball_iso,SR_4_ScoreType.omega,SR_4_ScoreType.p_aa_pp,SR_4_ScoreType.pro_close,SR_4_ScoreType.rama_prepro,SR_4_ScoreType.ref,SR_4_ScoreType.res_type_constraint
D55S,0.025877699271660705,0.046213027413302195,0.0,0.0,0.010094672644181736,0.0,-15.5701547770798,0.0,0.0,0.0,-4.031356882227665,-1.9526518529392378,-0.21896813722804612,1.078909572301439,1.4825020203288242,5.413355688022121,13.140161986028778,-0.29334346776729847,0.0,-0.8132695863525452,0.0,0.0,6.328004414518838,0.10900550254449404,1.1737871915241542,13.32520243606383,0.0,0.0,0.0,0.0,0.0,0.0,0.010898563336812796,0.046213027413302195,0.0,0.0,0.0,0.0,-9.044072688766857,1.6673142719645173,0.0,5.185164988091006,-3.6213555587422994,0.0,-0.6185329989514929,0.0,0.0,1.8183343595270167,8.674059526185472,0.0,-1.326002364252065,-0.5535217952858611,0.0,0.0,3.9434156017643063,0.07158141705863402,0.508702476117803,9.82894750463721,-0.06391379201186995,0.270564866899176,0.0,0.9492002013435736,-0.81,0.0,0.01497913593484791,0.0,0.0,0.0,0.010094672644181736,0.0,-10.78282467677593,3.3190093633565336,0.0,3.7671880244138345,-1.1706218881764123,0.0,-0.3362135483003333,0.0,0.0,4.849372042462416,12.217706485736352,0.0,0.0,-0.6474009522977829,-0.49715487227079724,0.0,6.105306071089451,0.08406843469932251,0.6328422901841286,13.340682951227311,-0.04021504745270845,-0.16472920979662298,0.0,0.47407418723978023,-0.81,0.0,0.0,0.0,0.0,0.0,0.0,0.0,-9.687060402355527,0.29726581412962205,0.0,4.4634858954550465,-1.188963607332819,0.0,-0.27339565296878837,0.0,0.0,3.9642431027034593,4.881071135321841,-0.6751623536399409,0.0,0.0,0.0,0.004051285728702669,3.0180585561182323,0.08138887821282445,0.6654476735623941,7.569460803450593,-0.0697553938330204,-0.4886292938685707,0.0,0.7508076100340814,0.51,0.0
R150E,0.025877699271660705,0.046213027413302195,0.0,0.0,0.010094672644181736,0.0,-15.5701547770798,0.0,0.0,0.0,-4.031356882227665,-1.9526518529392378,-0.21896813722804612,1.078909572301439,1.4825020203288242,5.413355688022121,13.140161986028778,-0.29334346776729847,0.0,-0.8132695863525452,0.0,0.0,6.328004414518838,0.10900550254449404,1.1737871915241542,13.32520243606383,0.0,0.0,0.0,0.0,0.0,0.0,0.010898563336812796,0.046213027413302195,0.0,0.0,0.0,0.0,-9.044072688766857,1.6673142719645173,0.0,5.185164988091006,-3.6213555587422994,0.0,-0.6185329989514929,0.0,0.0,1.8183343595270167,8.674059526185472,0.0,-1.326002364252065,-0.5535217952858611,0.0,0.0,3.9434156017643063,0.07158141705863402,0.508702476117803,9.82894750463721,-0.06391379201186995,0.270564866899176,0.0,0.9492002013435736,-0.81,0.0,0.01497913593484791,0.0,0.0,0.0,0.010094672644181736,0.0,-10.78282467677593,3.3190093633565336,0.0,3.7671880244138345,-1.1706218881764123,0.0,-0.3362135483003333,0.0,0.0,4.849372042462416,12.217706485736352,0.0,0.0,-0.6474009522977829,-0.49715487227079724,0.0,6.105306071089451,0.08406843469932251,0.6328422901841286,13.340682951227311,-0.04021504745270845,-0.16472920979662298,0.0,0.47407418723978023,-0.81,0.0,0.0,0.0,0.0,0.0,0.0,0.0,-9.687060402355527,0.29726581412962205,0.0,4.4634858954550465,-1.188963607332819,0.0,-0.27339565296878837,0.0,0.0,3.9642431027034593,4.881071135321841,-0.6751623536399409,0.0,0.0,0.0,0.004051285728702669,3.0180585561182323,0.08138887821282445,0.6654476735623941,7.569460803450593,-0.0697553938330204,-0.4886292938685707,0.0,0.7508076100340814,0.51,0.0
Y242I,0.025877699271660705,0.046213027413302195,0.0,0.0,0.010094672644181736,0.0,-15.5701547770798,0.0,0.0,0.0,-4.031356882227665,-1.9526518529392378,-0.21896813722804612,1.078909572301439,1.4825020203288242,5.413355688022121,13.140161986028778,-0.29334346776729847,0.0,-0.8132695863525452,0.0,0.0,6.328004414518838,0.10900550254449404,1.1737871915241542,13.32520243606383,0.0,0.0,0.0,0.0,0.0,0.0,0.010898563336812796,0.046213027413302195,0.0,0.0,0.0,0.0,-9.044072688766857,1.6673142719645173,0.0,5.185164988091006,-3.6213555587422994,0.0,-0.6185329989514929,0.0,0.0,1.8183343595270167,8.674059526185472,0.0,-1.326002364252065,-0.5535217952858611,0.0,0.0,3.9434156017643063,0.07158141705863402,0.508702476117803,9.82894750463721,-0.06391379201186995,0.270564866899176,0.0,0.9492002013435736,-0.81,0.0,0.01497913593484791,0.0,0.0,0.0,0.010094672644181736,0.0,-10.78282467677593,3.3190093633565336,0.0,3.7671880244138345,-1.1706218881764123,0.0,-0.3362135483003333,0.0,0.0,4.849372042462416,12.217706485736352,0.0,0.0,-0.6474009522977829,-0.49715487227079724,0.0,6.105306071089451,0.08406843469932251,0.6328422901841286,13.340682951227311,-0.04021504745270845,-0.16472920979662298,0.0,0.47407418723978023,-0.81,0.0,0.0,0.0,0.0,0.0,0.0,0.0,-9.687060402355527,0.29726581412962205,0.0,4.4634858954550465,-1.188963607332819,0.0,-0.27339565296878837,0.0,0.0,3.9642431027034593,4.881071135321841,-0.6751623536399409,0.0,0.0,0.0,0.004051285728702669,3.0180585561182323,0.08138887821282445,0.6654476735623941,7.569460803450593,-0.0697553938330204,-0.4886292938685707,0.0,0.7508076100340814,0.51,0.0
A247L,0.025877699271660705,0.046213027413302195,0.0,0.0,0.010094672644181736,0.0,-15.5701547770798,0.0,0.0,0.0,-4.031356882227665,-1.9526518529392378,-0.21896813722804612,1.078909572301439,1.4825020203288242,5.413355688022121,13.140161986028778,-0.29334346776729847,0.0,-0.8132695863525452,0.0,0.0,6.328004414518838,0.10900550254449404,1.1737871915241542,13.32520243606383,0.0,0.0,0.0,0.0,0.0,0.0,0.010898563336812796,0.046213027413302195,0.0,0.0,0.0,0.0,-9.044072688766857,1.6673142719645173,0.0,5.185164988091006,-3.6213555587422994,0.0,-0.6185329989514929,0.0,0.0,1.8183343595270167,8.674059526185472,0.0,-1.326002364252065,-0.5535217952858611,0.0,0.0,3.9434156017643063,0.07158141705863402,0.508702476117803,9.82894750463721,-0.06391379201186995,0.270564866899176,0.0,0.9492002013435736,-0.81,0.0,0.01497913593484791,0.0,0.0,0.0,0.010094672644181736,0.0,-10.78282467677593,3.3190093633565336,0.0,3.7671880244138345,-1.1706218881764123,0.0,-0.3362135483003333,0.0,0.0,4.849372042462416,12.217706485736352,0.0,0.0,-0.6474009522977829,-0.49715487227079724,0.0,6.105306071089451,0.08406843469932251,0.6328422901841286,13.340682951227311,-0.04021504745270845,-0.16472920979662298,0.0,0.47407418723978023,-0.81,0.0,0.0,0.0,0.0,0.0,0.0,0.0,-9.687060402355527,0.29726581412962205,0.0,4.4634858954550465,-1.188963607332819,0.0,-0.27339565296878837,0.0,0.0,3.9642431027034593,4.881071135321841,-0.6751623536399409,0.0,0.0,0.0,0.004051285728702669,3.0180585561182323,0.08138887821282445,0.6654476735623941,7.569460803450593,-0.0697553938330204,-0.4886292938685707,0.0,0.7508076100340814,0.51,0.0
D294Y,0.025877699271660705,0.046213027413302195,0.0,0.0,0.010094672644181736,0.0,-15.5701547770798,0.0,0.0,0.0,-4.031356882227665,-1.9526518529392378,-0.21896813722804612,1.078909572301439,1.4825020203288242,5.413355688022121,13.140161986028778,-0.29334346776729847,0.0,-0.8132695863525452,0.0,0.0,6.328004414518838,0.10900550254449404,1.1737871915241542,13.32520243606383,0.0,0.0,0.0,0.0,0.0,0.0,0.010898563336812796,0.046213027413302195,0.0,0.0,0.0,0.0,-9.044072688766857,1.6673142719645173,0.0,5.185164988091006,-3.6213555587422994,0.0,-0.6185329989514929,0.0,0.0,1.8183343595270167,8.674059526185472,0.0,-1.326002364252065,-0.5535217952858611,0.0,0.0,3.9434156017643063,0.07158141705863402,0.508702476117803,9.82894750463721,-0.06391379201186995,0.270564866899176,0.0,0.9492002013435736,-0.81,0.0,0.01497913593484791,0.0,0.0,0.0,0.010094672644181736,0.0,-10.78282467677593,3.3190093633565336,0.0,3.7671880244138345,-1.1706218881764123,0.0,-0.3362135483003333,0.0,0.0,4.849372042462416,12.217706485736352,0.0,0.0,-0.6474009522977829,-0.49715487227079724,0.0,6.105306071089451,0.08406843469932251,0.6328422901841286,13.340682951227311,-0.04021504745270845,-0.16472920979662298,0.0,0.47407418723978023,-0.81,0.0,0.0,0.0,0.0,0.0,0.0,0.0,-9.687060402355527,0.29726581412962205,0.0,4.4634858954550465,-1.188963607332819,0.0,-0.27339565296878837,0.0,0.0,3.9642431027034593,4.881071135321841,-0.6751623536399409,0.0,0.0,0.0,0.004051285728702669,3.0180585561182323,0.08138887821282445,0.6654476735623941,7.569460803450593,-0.0697553938330204,-0.4886292938685707,0.0,0.7508076100340814,0.51,0.0
Q325C,0.025877699271660705,0.046213027413302195,0.0,0.0,0.010094672644181736,0.0,-15.5701547770798,0.0,0.0,0.0,-4.031356882227665,-1.9526518529392378,-0.21896813722804612,1.078909572301439,1.4825020203288242,5.413355688022121,13.140161986028778,-0.29334346776729847,0.0,-0.8132695863525452,0.0,0.0,6.328004414518838,0.10900550254449404,1.1737871915241542,13.32520243606383,0.0,0.0,0.0,0.0,0.0,0.0,0.010898563336812796,0.046213027413302195,0.0,0.0,0.0,0.0,-9.044072688766857,1.6673142719645173,0.0,5.185164988091006,-3.6213555587422994,0.0,-0.6185329989514929,0.0,0.0,1.8183343595270167,8.674059526185472,0.0,-1.326002364252065,-0.5535217952858611,0.0,0.0,3.9434156017643063,0.07158141705863402,0.508702476117803,9.82894750463721,-0.06391379201186995,0.270564866899176,0.0,0.9492002013435736,-0.81,0.0,0.01497913593484791,0.0,0.0,0.0,0.010094672644181736,0.0,-10.78282467677593,3.3190093633565336,0.0,3.7671880244138345,-1.1706218881764123,0.0,-0.3362135483003333,0.0,0.0,4.849372042462416,12.217706485736352,0.0,0.0,-0.6474009522977829,-0.49715487227079724,0.0,6.105306071089451,0.08406843469932251,0.6328422901841286,13.340682951227311,-0.04021504745270845,-0.16472920979662298,0.0,0.47407418723978023,-0.81,0.0,0.0,0.0,0.0,0.0,0.0,0.0,-9.687060402355527,0.29726581412962205,0.0,4.4634858954550465,-1.188963607332819,0.0,-0.27339565296878837,0.0,0.0,3.9642431027034593,4.881071135321841,-0.6751623536399409,0.0,0.0,0.0,0.004051285728702669,3.0180585561182323,0.08138887821282445,0.6654476735623941,7.569460803450593,-0.0697553938330204,-0.4886292938685707,0.0,0.7508076100340814,0.51,0.0
Y364W,0.025877699271660705,0.046213027413302195,0.0,0.0,0.010094672644181736,0.0,-15.5701547770798,0.0,0.0,0.0,-4.031356882227665,-1.9526518529392378,-0.21896813722804612,1.078909572301439,1.4825020203288242,5.413355688022121,13.140161986028778,-0.29334346776729847,0.0,-0.8132695863525452,0.0,0.0,6.328004414518838,0.10900550254449404,1.1737871915241542,13.32520243606383,0.0,0.0,0.0,0.0,0.0,0.0,0.010898563336812796,0.046213027413302195,0.0,0.0,0.0,0.0,-9.044072688766857,1.6673142719645173,0.0,5.185164988091006,-3.6213555587422994,0.0,-0.6185329989514929,0.0,0.0,1.8183343595270167,8.674059526185472,0.0,-1.326002364252065,-0.5535217952858611,0.0,0.0,3.9434156017643063,0.07158141705863402,0.508702476117803,9.82894750463721,-0.06391379201186995,0.270564866899176,0.0,0.9492002013435736,-0.81,0.0,0.01497913593484791,0.0,0.0,0.0,0.010094672644181736,0.0,-10.78282467677593,3.3190093633565336,0.0,3.7671880244138345,-1.1706218881764123,0.0,-0.3362135483003333,0.0,0.0,4.849372042462416,12.217706485736352,0.0,0.0,-0.6474009522977829,-0.49715487227079724,0.0,6.105306071089451,0.08406843469932251,0.6328422901841286,13.340682951227311,-0.04021504745270845,-0.16472920979662298,0.0,0.47407418723978023,-0.81,0.0,0.0,0.0,0.0,0.0,0.0,0.0,-9.687060402355527,0.29726581412962205,0.0,4.4634858954550465,-1.188963607332819,0.0,-0.27339565296878837,0.0,0.0,3.9642431027034593,4.881071135321841,-0.6751623536399409,0.0,0.0,0.0,0.004051285728702669,3.0180585561182323,0.08138887821282445,0.6654476735623941,7.569460803450593,-0.0697553938330204,-0.4886292938685707,0.0,0.7508076100340814,0.51,0.0
D390Y,0.025877699271660705,0.046213027413302195,0.0,0.0,0.010094672644181736,0.0,-15.5701547770798,0.0,0.0,0.0,-4.031356882227665,-1.9526518529392378,-0.21896813722804612,1.078909572301439,1.4825020203288242,5.413355688022121,13.140161986028778,-0.29334346776729847,0.0,-0.8132695863525452,0.0,0.0,6.328004414518838,0.10900550254449404,1.1737871915241542,13.32520243606383,0.0,0.0,0.0,0.0,0.0,0.0,0.010898563336812796,0.046213027413302195,0.0,0.0,0.0,0.0,-9.044072688766857,1.6673142719645173,0.0,5.185164988091006,-3.6213555587422994,0.0,-0.6185329989514929,0.0,0.0,1.8183343595270167,8.674059526185472,0.0,-1.326002364252065,-0.5535217952858611,0.0,0.0,3.9434156017643063,0.07158141705863402,0.508702476117803,9.82894750463721,-0.06391379201186995,0.270564866899176,0.0,0.9492002013435736,-0.81,0.0,0.01497913593484791,0.0,0.0,0.0,0.010094672644181736,0.0,-10.78282467677593,3.3190093633565336,0.0,3.7671880244138345,-1.1706218881764123,0.0,-0.3362135483003333,0.0,0.0,4.849372042462416,12.217706485736352,0.0,0.0,-0.6474009522977829,-0.49715487227079724,0.0,6.105306071089451,0.08406843469932251,0.6328422901841286,13.340682951227311,-0.04021504745270845,-0.16472920979662298,0.0,0.47407418723978023,-0.81,0.0,0.0,0.0,0.0,0.0,0.0,0.0,-9.687060402355527,0.29726581412962205,0.0,4.4634858954550465,-1.188963607332819,0.0,-0.27339565296878837,0.0,0.0,3.9642431027034593,4.881071135321841,-0.6751623536399409,0.0,0.0,0.0,0.004051285728702669,3.0180585561182323,0.08138887821282445,0.6654476735623941,7.569460803450593,-0.0697553938330204,-0.4886292938685707,0.0,0.7508076100340814,0.51,0.0
R436D,0.025877699271660705,0.046213027413302195,0.0,0.0,0.010094672644181736,0.0,-15.5701547770798,0.0,0.0,0.0,-4.031356882227665,-1.9526518529392378,-0.21896813722804612,1.078909572301439,1.4825020203288242,5.413355688022121,13.140161986028778,-0.29334346776729847,0.0,-0.8132695863525452,0.0,0.0,6.328004414518838,0.10900550254449404,1.1737871915241542,13.32520243606383,0.0,0.0,0.0,0.0,0.0,0.0,0.010898563336812796,0.046213027413302195,0.0,0.0,0.0,0.0,-9.044072688766857,1.6673142719645173,0.0,5.185164988091006,-3.6213555587422994,0.0,-0.6185329989514929,0.0,0.0,1.8183343595270167,8.674059526185472,0.0,-1.326002364252065,-0.5535217952858611,0.0,0.0,3.9434156017643063,0.07158141705863402,0.508702476117803,9.82894750463721,-0.06391379201186995,0.270564866899176,0.0,0.9492002013435736,-0.81,0.0,0.01497913593484791,0.0,0.0,0.0,0.010094672644181736,0.0,-10.78282467677593,3.3190093633565336,0.0,3.7671880244138345,-1.1706218881764123,0.0,-0.3362135483003333,0.0,0.0,4.849372042462416,12.217706485736352,0.0,0.0,-0.6474009522977829,-0.49715487227079724,0.0,6.105306071089451,0.08406843469932251,0.6328422901841286,13.340682951227311,-0.04021504745270845,-0.16472920979662298,0.0,0.47407418723978023,-0.81,0.0,0.0,0.0,0.0,0.0,0.0,0.0,-9.687060402355527,0.29726581412962205,0.0,4.4634858954550465,-1.188963607332819,0.0,-0.27339565296878837,0.0,0.0,3.9642431027034593,4.881071135321841,-0.6751623536399409,0.0,0.0,0.0,0.004051285728702669,3.0180585561182323,0.08138887821282445,0.6654476735623941,7.569460803450593,-0.0697553938330204,-0.4886292938685707,0.0,0.7508076100340814,0.51,0.0
S459F,0.025877699271660705,0.046213027413302195,0.0,0.0,0.010094672644181736,0.0,-15.5701547770798,0.0,0.0,0.0,-4.031356882227665,-1.9526518529392378,-0.21896813722804612,1.078909572301439,1.4825020203288242,5.413355688022121,13.140161986028778,-0.29334346776729847,0.0,-0.8132695863525452,0.0,0.0,6.328004414518838,0.10900550254449404,1.1737871915241542,13.32520243606383,0.0,0.0,0.0,0.0,0.0,0.0,0.010898563336812796,0.046213027413302195,0.0,0.0,0.0,0.0,-9.044072688766857,1.6673142719645173,0.0,5.185164988091006,-3.6213555587422994,0.0,-0.6185329989514929,0.0,0.0,1.8183343595270167,8.674059526185472,0.0,-1.326002364252065,-0.5535217952858611,0.0,0.0,3.9434156017643063,0.07158141705863402,0.508702476117803,9.82894750463721,-0.06391379201186995,0.270564866899176,0.0,0.9492002013435736,-0.81,0.0,0.01497913593484791,0.0,0.0,0.0,0.010094672644181736,0.0,-10.78282467677593,3.3190093633565336,0.0,3.7671880244138345,-1.1706218881764123,0.0,-0.3362135483003333,0.0,0.0,4.849372042462416,12.217706485736352,0.0,0.0,-0.6474009522977829,-0.49715487227079724,0.0,6.105306071089451,0.08406843469932251,0.6328422901841286,13.340682951227311,-0.04021504745270845,-0.16472920979662298,0.0,0.47407418723978023,-0.81,0.0,0.0,0.0,0.0,0.0,0.0,0.0,-9.687060402355527,0.29726581412962205,0.0,4.4634858954550465,-1.188963607332819,0.0,-0.27339565296878837,0.0,0.0,3.9642431027034593,4.881071135321841,-0.6751623536399409,0.0,0.0,0.0,0.004051285728702669,3.0180585561182323,0.08138887821282445,0.6654476735623941,7.569460803450593,-0.0697553938330204,-0.4886292938685707,0.0,0.7508076100340814,0.51,0.0
