value,mutant_name_index,kinetic_constant,rel_or_abs,scaffold
0.0,0,kcat,rel,Q59976_4
0.0,0,km,rel,Q59976_4
0.0,0,kcatkm,rel,Q59976_4
0.2864491813,1,kcat,rel,Q59976_4
-2.528273777,1,km,rel,Q59976_4
-2.241824596,1,kcatkm,rel,Q59976_4
-2.349034566,2,kcat,rel,Q59976_4
-2.665111737,2,km,rel,Q59976_4
-5.014146303,2,kcatkm,rel,Q59976_4
-3.252124553,3,kcat,rel,Q59976_4
-1.748188027,3,km,rel,Q59976_4
-5.00031258,3,kcatkm,rel,Q59976_4
-2.297882043,4,kcat,rel,Q59976_4
-2.403977964,4,km,rel,Q59976_4
-4.701860007,4,kcatkm,rel,Q59976_4
-0.4306110241,5,kcat,rel,Q59976_4
-0.6989700043,5,km,rel,Q59976_4
-1.129581028,5,kcatkm,rel,Q59976_4
-0.3056722875,6,kcat,rel,Q59976_4
0.3010299957,6,km,rel,Q59976_4
-0.004642291829,6,kcatkm,rel,Q59976_4
-1.141534842,7,kcat,rel,Q59976_4
1.301029996,7,km,rel,Q59976_4
0.1594951535,7,kcatkm,rel,Q59976_4
-0.8559252054,8,kcat,rel,Q59976_4
-1.703291378,8,km,rel,Q59976_4
-2.559216584,8,kcatkm,rel,Q59976_4
-1.580026695,9,kcat,rel,Q59976_4
-1.190331698,9,km,rel,Q59976_4
-2.770358393,9,kcatkm,rel,Q59976_4
0.0869291832,10,kcat,rel,Q59976_4
-0.3979400087,10,km,rel,Q59976_4
-0.3110108255,10,kcatkm,rel,Q59976_4
178.7,0,kcat,abs,Q59976_4
0.2,0,km,abs,Q59976_4
893.5,0,kcatkm,abs,Q59976_4
1.933967543,1,kcat,abs,Q59976_4
337.5,1,km,abs,Q59976_4
0.005730274203,1,kcatkm,abs,Q59976_4
0.004476776721,2,kcat,abs,Q59976_4
462.5,2,km,abs,Q59976_4
9.679517234e-06,2,kcatkm,abs,Q59976_4
0.0005595970901,3,kcat,abs,Q59976_4
56.0,3,km,abs,Q59976_4
9.99280518e-06,3,kcatkm,abs,Q59976_4
0.005036373811,4,kcat,abs,Q59976_4
253.5,4,km,abs,Q59976_4
1.986735231e-05,4,kcatkm,abs,Q59976_4
0.3710128707,5,kcat,abs,Q59976_4
5.0,5,km,abs,Q59976_4
0.07420257415,5,kcatkm,abs,Q59976_4
0.4946838276,6,kcat,abs,Q59976_4
0.5,6,km,abs,Q59976_4
0.9893676553,6,kcatkm,abs,Q59976_4
0.07218802462,7,kcat,abs,Q59976_4
0.05,7,km,abs,Q59976_4
1.443760492,7,kcatkm,abs,Q59976_4
0.1393396754,8,kcat,abs,Q59976_4
50.5,8,km,abs,Q59976_4
0.002759201494,8,kcatkm,abs,Q59976_4
0.02630106323,9,kcat,abs,Q59976_4
15.5,9,km,abs,Q59976_4
0.001696842789,9,kcatkm,abs,Q59976_4
1.221600448,10,kcat,abs,Q59976_4
2.5,10,km,abs,Q59976_4
0.4886401791,10,kcatkm,abs,Q59976_4
0.0,0,kcat,rel,Q97AX4_139
0.0,0,km,rel,Q97AX4_139
0.0,0,kcatkm,rel,Q97AX4_139
0.1496170748,1,kcat,rel,Q97AX4_139
-0.2263963774,1,km,rel,Q97AX4_139
-0.07677930256,1,kcatkm,rel,Q97AX4_139
-1.618421683,2,kcat,rel,Q97AX4_139
-1.767741563,2,km,rel,Q97AX4_139
-3.386163247,2,kcatkm,rel,Q97AX4_139
-1.578913142,3,kcat,rel,Q97AX4_139
-0.6802877914,3,km,rel,Q97AX4_139
-2.259200933,3,kcatkm,rel,Q97AX4_139
-2.338580987,4,kcat,rel,Q97AX4_139
-1.802233446,4,km,rel,Q97AX4_139
-4.140814433,4,kcatkm,rel,Q97AX4_139
-0.2458164939,5,kcat,rel,Q97AX4_139
-1.565101822,5,km,rel,Q97AX4_139
-1.810918316,5,kcatkm,rel,Q97AX4_139
0.1251254095,6,kcat,rel,Q97AX4_139
-0.4920984107,6,km,rel,Q97AX4_139
-0.3669730012,6,kcatkm,rel,Q97AX4_139
-0.04980095834,7,kcat,rel,Q97AX4_139
0.4336555609,7,km,rel,Q97AX4_139
0.3838546026,7,kcatkm,rel,Q97AX4_139
-0.7172748517,8,kcat,rel,Q97AX4_139
-0.06366907987,8,km,rel,Q97AX4_139
-0.7809439315,8,kcatkm,rel,Q97AX4_139
-0.1470251842,9,kcat,rel,Q97AX4_139
0.5797835966,9,km,rel,Q97AX4_139
0.4327584124,9,kcatkm,rel,Q97AX4_139
-0.2036472337,10,kcat,rel,Q97AX4_139
0.5797835966,10,km,rel,Q97AX4_139
0.3761363629,10,kcatkm,rel,Q97AX4_139
348.9,0,kcat,abs,Q97AX4_139
1.9,0,km,abs,Q97AX4_139
183.6315789,0,kcatkm,abs,Q97AX4_139
1.411292634,1,kcat,abs,Q97AX4_139
1.684210526,1,km,abs,Q97AX4_139
0.8379550014,1,kcatkm,abs,Q97AX4_139
0.02407566638,2,kcat,abs,Q97AX4_139
58.57894737,2,km,abs,Q97AX4_139
0.0004109952033,2,kcatkm,abs,Q97AX4_139
0.02636858699,3,kcat,abs,Q97AX4_139
4.789473684,3,km,abs,Q97AX4_139
0.005505529151,3,kcatkm,abs,Q97AX4_139
0.004585841215,4,kcat,abs,Q97AX4_139
63.42105263,4,km,abs,Q97AX4_139
7.230786978e-05,4,kcatkm,abs,Q97AX4_139
0.5677844655,5,kcat,abs,Q97AX4_139
36.73684211,5,km,abs,Q97AX4_139
0.01545545107,5,kcatkm,abs,Q97AX4_139
1.333906563,6,kcat,abs,Q97AX4_139
3.105263158,6,km,abs,Q97AX4_139
0.4295631306,6,kcatkm,abs,Q97AX4_139
0.8916595013,7,kcat,abs,Q97AX4_139
0.3684210526,7,km,abs,Q97AX4_139
2.420218646,7,kcatkm,abs,Q97AX4_139
0.1917454858,8,kcat,abs,Q97AX4_139
1.157894737,8,km,abs,Q97AX4_139
0.1655983741,8,kcatkm,abs,Q97AX4_139
0.7128116939,9,kcat,abs,Q97AX4_139
0.2631578947,9,km,abs,Q97AX4_139
2.708684437,9,kcatkm,abs,Q97AX4_139
0.6256807108,10,kcat,abs,Q97AX4_139
0.2631578947,10,km,abs,Q97AX4_139
2.377586701,10,kcatkm,abs,Q97AX4_139
0.0,0,kcat,rel,Q7MG41_142
0.0,0,km,rel,Q7MG41_142
0.0,0,kcatkm,rel,Q7MG41_142
-0.2972439075,1,kcat,rel,Q7MG41_142
0.0,1,km,rel,Q7MG41_142
-0.2972439075,1,kcatkm,rel,Q7MG41_142
-0.1976216896,2,kcat,rel,Q7MG41_142
-0.3010299957,2,km,rel,Q7MG41_142
-0.4986516853,2,kcatkm,rel,Q7MG41_142
-3.340245762,3,kcat,rel,Q7MG41_142
-0.4771212547,3,km,rel,Q7MG41_142
-3.817367016,3,kcatkm,rel,Q7MG41_142
-2.74732915,4,kcat,rel,Q7MG41_142
-1.327358934,4,km,rel,Q7MG41_142
-4.074688084,4,kcatkm,rel,Q7MG41_142
-0.598241125,5,kcat,rel,Q7MG41_142
-1.834102656,5,km,rel,Q7MG41_142
-2.432343781,5,kcatkm,rel,Q7MG41_142
-1.28334091,6,kcat,rel,Q7MG41_142
-1.088136089,6,km,rel,Q7MG41_142
-2.371476999,6,kcatkm,rel,Q7MG41_142
0.01971613454,7,kcat,rel,Q7MG41_142
-0.09691001301,7,km,rel,Q7MG41_142
-0.07719387847,7,kcatkm,rel,Q7MG41_142
-0.2646379789,8,kcat,rel,Q7MG41_142
-0.7781512504,8,km,rel,Q7MG41_142
-1.042789229,8,kcatkm,rel,Q7MG41_142
-0.8659080675,9,kcat,rel,Q7MG41_142
-0.4771212547,9,km,rel,Q7MG41_142
-1.343029322,9,kcatkm,rel,Q7MG41_142
0.03970905007,10,kcat,rel,Q7MG41_142
0.1249387366,10,km,rel,Q7MG41_142
0.1646477867,10,kcatkm,rel,Q7MG41_142
2626.8,0,kcat,abs,Q7MG41_142
0.4,0,km,abs,Q7MG41_142
6567.0,0,kcatkm,abs,Q7MG41_142
0.5043779504,1,kcat,abs,Q7MG41_142
1.0,1,km,abs,Q7MG41_142
0.5043779504,1,kcatkm,abs,Q7MG41_142
0.6344221106,2,kcat,abs,Q7MG41_142
2.0,2,km,abs,Q7MG41_142
0.3172110553,2,kcatkm,abs,Q7MG41_142
0.0004568296026,3,kcat,abs,Q7MG41_142
3.0,3,km,abs,Q7MG41_142
0.0001522765342,3,kcatkm,abs,Q7MG41_142
0.001789249277,4,kcat,abs,Q7MG41_142
21.25,4,km,abs,Q7MG41_142
8.419996596e-05,4,kcatkm,abs,Q7MG41_142
0.2522080097,5,kcat,abs,Q7MG41_142
68.25,5,km,abs,Q7MG41_142
0.003695355454,5,kcatkm,abs,Q7MG41_142
0.05207857469,6,kcat,abs,Q7MG41_142
12.25,6,km,abs,Q7MG41_142
0.00425131222,6,kcatkm,abs,Q7MG41_142
1.046444343,7,kcat,abs,Q7MG41_142
1.25,7,km,abs,Q7MG41_142
0.8371554743,7,kcatkm,abs,Q7MG41_142
0.5437033653,8,kcat,abs,Q7MG41_142
6.0,8,km,abs,Q7MG41_142
0.09061722755,8,kcatkm,abs,Q7MG41_142
0.1361732907,9,kcat,abs,Q7MG41_142
3.0,9,km,abs,Q7MG41_142
0.0453910969,9,kcatkm,abs,Q7MG41_142
1.095743871,10,kcat,abs,Q7MG41_142
0.75,10,km,abs,Q7MG41_142
1.460991828,10,kcatkm,abs,Q7MG41_142
0.0,0,kcat,rel,P22505_16
0.0,0,km,rel,P22505_16
0.0,0,kcatkm,rel,P22505_16
1.012199524,1,kcat,rel,P22505_16
-0.4829628619,1,km,rel,P22505_16
0.5292366616,1,kcatkm,rel,P22505_16
-1.07538473,2,kcat,rel,P22505_16
1.006839425,2,km,rel,P22505_16
-0.06854530508,2,kcatkm,rel,P22505_16
-3.126537252,3,kcat,rel,P22505_16
-0.5181024813,3,km,rel,P22505_16
-3.644639733,3,kcatkm,rel,P22505_16
-3.552505984,4,kcat,rel,P22505_16
-1.058331107,4,km,rel,P22505_16
-4.610837091,4,kcatkm,rel,P22505_16
-1.407413216,5,kcat,rel,P22505_16
0.6300887149,5,km,rel,P22505_16
-0.7773245012,5,kcatkm,rel,P22505_16
-0.2392013217,6,kcat,rel,P22505_16
-0.3611373608,6,km,rel,P22505_16
-0.6003386824,6,kcatkm,rel,P22505_16
0.01030217506,7,kcat,rel,P22505_16
0.02085013897,7,km,rel,P22505_16
0.03115231403,7,kcatkm,rel,P22505_16
-1.259511944,8,kcat,rel,P22505_16
-0.7804073307,8,km,rel,P22505_16
-2.039919275,8,kcatkm,rel,P22505_16
-0.5321447017,9,kcat,rel,P22505_16
0.00683942453,9,km,rel,P22505_16
-0.5253052771,9,kcatkm,rel,P22505_16
-0.1741686587,10,kcat,rel,P22505_16
1.505149978,10,km,rel,P22505_16
1.33098132,10,kcatkm,rel,P22505_16
1070.6,0,kcat,abs,P22505_16
6.4,0,km,abs,P22505_16
167.28125,0,kcatkm,abs,P22505_16
10.28488698,1,kcat,abs,P22505_16
3.040625,1,km,abs,P22505_16
3.382491093,1,kcatkm,abs,P22505_16
0.08406501027,2,kcat,abs,P22505_16
0.0984375,2,km,abs,P22505_16
0.8539937552,2,kcatkm,abs,P22505_16
0.0007472445358,3,kcat,abs,P22505_16
3.296875,3,km,abs,P22505_16
0.000226652371,3,kcatkm,abs,P22505_16
0.0002802167009,4,kcat,abs,P22505_16
11.4375,4,km,abs,P22505_16
2.449982085e-05,4,kcatkm,abs,P22505_16
0.03913693256,5,kcat,abs,P22505_16
0.234375,5,km,abs,P22505_16
0.1669842456,5,kcatkm,abs,P22505_16
0.5764991593,6,kcat,abs,P22505_16
2.296875,6,km,abs,P22505_16
0.2509928313,6,kcatkm,abs,P22505_16
1.024005231,7,kcat,abs,P22505_16
0.953125,7,km,abs,P22505_16
1.074366144,7,kcatkm,abs,P22505_16
0.05501587895,8,kcat,abs,P22505_16
6.03125,8,km,abs,P22505_16
0.009121803763,8,kcatkm,abs,P22505_16
0.2936671026,9,kcat,abs,P22505_16
0.984375,9,km,abs,P22505_16
0.2983284851,9,kcatkm,abs,P22505_16
0.6696245096,10,kcat,abs,P22505_16
0.03125,10,km,abs,P22505_16
21.42798431,10,kcatkm,abs,P22505_16
