,mutant_name,kcat,km,kcatkm
1,S14A,320.0,8.25,38823
2,T15A,614.0,5.3,115849
3,S16A,154.0,14.01,10997
5,S17A,848.0,18.45,45978
6,S17E,641.0,7.32,87596
7,Y18A,197.0,31.55,6230
14,V52G,687.0,8.25,83371
15,F72A,613.0,5.47,112224
17,I91E,846.0,6.71,126071
18,H101R,1059.0,10.62,99708
19,H119N,2.0,23.22,82
20,H119A,143.0,15.1,9483
22,W120H,84.0,89.18,943
23,W120F,472.0,16.08,29334
26,E154D,878.0,3.46,254004
27,N163A,7.0,11.95,558
28,N163D,12.0,15.19,789
29,N163C,26.0,5.42,4766
32,E164A,1.0,1.01,19
36,C167A,479.0,14.56,32884
37,C167Q,504.0,4.92,102415
38,L171A,807.0,11.09,72719
39,L171R,403.0,3.36,120146
40,T175R,801.0,3.59,223033
41,E177L,670.0,7.48,89478
42,E177K,555.0,6.19,89609
43,E177A,986.0,5.98,164804
44,H178A,113.0,7.67,14697
46,A192S,946.0,5.09,185848
47,T218A,464.0,6.51,71280
48,N220R,15.0,12.5,1192
49,N220G,209.0,33.3,6276
50,N220H,123.0,5.14,23874
51,N220A,405.0,10.27,39425
52,N220Y,628.0,0.4,1570000
53,M221A,547.0,6.25,87554
54,E222Y,12.0,18.43,636
55,E222K,108.0,7.22,14955
56,E222R,42.0,2.48,17098
57,E222H,160.0,8.54,18695
58,E222Q,668.0,12.16,54923
59,E222A,90.0,0.63,143604
61,R240D,282.0,10.82,26093
62,R240K,898.0,17.67,50829
63,R240A,11011.0,19.46,565763
65,I244E,497.0,5.97,83137
66,I244N,271.0,2.15,126176
69,N293C,11.0,19.8,556
70,N293A,13.0,9.67,1313
74,Y294A,166.0,4.98,33260
75,Y294F,735.0,5.99,122751
81,S298E,809.0,5.28,153264
82,I300N,693.0,4.48,154732
83,Q313R,689.0,3.58,192373
86,M323A,416.0,9.34,44477
89,W325C,10.0,4.18,2503
90,W325H,35.0,3.08,11358
91,W325A,29.0,1.61,18243
92,W325L,109.0,5.74,18909
95,S331A,817.0,4.34,188306
96,K341A,1046.0,5.46,191689
98,T352A,60.0,14.26,4174
100,N354A,3.0,5.38,547
102,M358T,436.0,4.83,90241
103,L362M,917.0,5.2,176346
104,H373R,707.0,6.31,112169
107,W399R,0.2,12.75,15.70
108,W399C,3.0,70.33,39
112,S400A,531.0,3.22,164795
114,N404A,4.0,9.42,393
115,N404C,85.0,14.4,5917
117,E406D,39.0,34.13,1146
124,W409Y,809.0,2.6,311154
125,F415A,1.0,16.63,80
127,E423S,646.0,6.6,97777
128,BglB,880.0,5.0,174000
0,A227W,381.6,17.0,22447.058823529413
1,C167S,97.9,326.2,300.1226241569589
2,E164D,0.5,44.0,11.363636363636365
3,E388C,483.3,10.5,46028.57142857143
4,G153A,676.5,5.2,130096.15384615383
5,I244M,355.0,4.9,72448.97959183673
6,I244V,32.4,1.3,24923.07692307692
7,L108N,867.7,8.8,98602.27272727272
8,L171D,8.5,2.9,2931.034482758621
9,N163S,12.6,23.7,531.6455696202531
10,N220D,37.4,3.8,9842.105263157895
11,N220S,40.8,45.2,902.654867256637
12,N293S,39.8,9.1,4373.626373626373
13,Q313E,25.7,10.0,2570.0
14,X123Y,842.32,4.76,176957.98319327735
15,E406Q,9.2,128.3,71.7069368667186
16,K413A,13.3,42.4,313.6792452830189
17,H178N,29.0,3.7,7837.8378378378375
18,D322A,100.8,4.3,23441.86046511628
19,M261E,183.4,8.4,21833.333333333332
20,H315Y,191.8,6.2,30935.48387096774
21,L219A,248.4,3.9,63692.307692307695
22,E177S,266.7,4.4,60613.63636363636
23,L219A,304.9,8.0,38112.5
24,H315Y,526.7,5.1,103274.50980392158
25,H315A,567.4,2.4,236416.6666666667
26,K413A,587.6,2.6,225999.99999999997
27,Q284R,588.4,2.5,235360.0
28,E353E,622.5,3.4,183088.23529411765
29,E426S,639.9,4.1,156073.17073170733
30,E426S,677.8,5.8,116862.06896551725
31,E353E,705.8,6.9,102289.85507246375
32,E177S,742.0,4.4,168636.36363636362
33,L272N,790.2,2.7,292666.6666666667
34,V320Q,1144.6,6.8,168323.5294117647
